City_ID,City,Lat,Lng,Max Temp,Humidity,Cloudiness,Wind Speed,Country,Date
0,dudinka,69.4058,86.1778,257.97,90,100,6.26,RU,1712018082
1,sinop,41.7711,34.8709,288.8,51,11,4.0,TR,1712018341
2,port-aux-francais,-49.35,70.2167,280.15,78,100,8.42,TF,1712018539
3,hawaiian paradise park,19.5933,-154.9731,297.88,84,100,3.09,US,1712018540
4,longyearbyen,78.2186,15.6401,257.06,78,75,1.54,SJ,1712018540
5,luorong,24.4058,109.6086,300.86,73,21,6.76,CN,1712018298
6,utrik,11.2278,169.8474,300.74,71,100,6.3,MH,1712018540
7,saint-francois,46.4154,3.9054,280.18,78,0,2.57,FR,1712018541
8,chonchi,-42.6128,-73.8092,284.33,87,100,0.92,CL,1712018541
9,albany,42.6001,-73.9662,284.38,63,92,0.45,US,1712018455
10,waitangi,-43.9535,-176.5597,287.49,82,82,0.45,NZ,1712018541
11,caleta de carquin,-11.0925,-77.6267,295.03,85,100,3.39,PE,1712018541
12,puerto natales,-51.7236,-72.4875,280.14,91,100,2.1,CL,1712018542
13,bilibino,68.0546,166.4372,256.53,61,81,1.02,RU,1712018542
14,moratuwa,6.773,79.8816,298.16,85,100,1.4,LK,1712018542
15,trinidad,-14.8333,-64.9,298.12,94,91,1.55,BO,1712018543
16,ushuaia,-54.8,-68.3,282.96,53,40,4.63,AR,1712018282
17,anadyr,64.75,177.4833,257.43,71,40,5.0,RU,1712018543
18,gamba,-2.65,10.0,299.2,89,99,2.71,GA,1712018543
19,grantsville,40.5999,-112.4644,283.15,59,40,4.63,US,1712018543
20,udachny,66.4167,112.4,256.52,89,98,3.41,RU,1712018544
21,tiksi,71.6872,128.8694,264.09,87,100,3.61,RU,1712018544
22,ribeira grande,38.5167,-28.7,289.14,88,12,6.71,PT,1712018544
23,stanley,54.868,-1.6985,275.81,97,20,1.03,GB,1712018303
24,la passe,45.5549,-0.8967,283.7,83,0,7.84,FR,1712018544
25,papatowai,-46.5619,169.4708,288.4,63,61,2.29,NZ,1712018545
26,ust-nera,64.5667,143.2,262.08,77,14,1.12,RU,1712018545
27,tromso,69.6496,18.957,264.16,79,75,1.54,NO,1712018481
28,porbandar,21.6422,69.6093,297.51,66,100,3.23,IN,1712018420
29,isafjordur,66.0755,-23.124,269.3,76,99,10.9,IS,1712018545
30,whitehorse,60.7161,-135.0538,276.58,41,100,6.69,CA,1712018546
31,amungan,15.3652,119.9582,303.84,52,5,2.64,PH,1712018546
32,mont-laurier,46.5501,-75.4993,275.94,77,89,3.21,CA,1712018453
33,mar del plata,-38.0023,-57.5575,289.79,74,75,4.47,AR,1712018435
34,bamboo flat,11.7,92.7167,296.2,94,0,1.03,IN,1712018546
35,qaqortoq,60.7167,-46.0333,266.23,85,79,2.79,GL,1712018547
36,grytviken,-54.2811,-36.5092,274.19,84,23,4.59,GS,1712018547
37,shenjiamen,29.9576,122.298,287.05,99,100,7.21,CN,1712018547
38,kuanda,56.3161,116.0806,267.47,91,100,1.23,RU,1712018547
39,ta`u,-14.2336,-169.5144,302.43,73,22,9.54,AS,1712018547
40,lompoc,34.6391,-120.4579,293.58,69,0,6.69,US,1712018548
41,kapuskasing,49.4169,-82.4331,273.2,64,20,1.54,CA,1712018521
42,barrow in furness,54.1167,-3.2333,279.3,93,100,1.76,GB,1712018548
43,kalemie,-5.9475,29.1947,293.51,90,82,1.86,CD,1712018548
44,cockburn town,21.4612,-71.1419,297.89,65,0,7.86,TC,1712018264
45,thompson,55.7435,-97.8558,274.24,44,75,2.57,CA,1712018437
46,kalaleh,37.3807,55.4916,279.93,93,0,0.0,IR,1712018549
47,yellowknife,62.456,-114.3525,270.6,80,75,6.69,CA,1712018402
48,callao,-12.0667,-77.15,299.1,64,75,6.69,PE,1712018459
49,iskateley,67.6803,53.1512,263.72,87,100,4.92,RU,1712018550
50,sanya,18.2431,109.505,302.24,79,75,2.0,CN,1712018550
51,adamstown,-25.066,-130.1015,297.46,77,91,8.33,PN,1712018550
52,bethel,41.3712,-73.414,282.88,65,40,0.89,US,1712018550
53,rahimatpur,17.6,74.2,298.28,33,0,0.15,IN,1712018551
54,mejit,10.2753,170.8646,300.44,69,100,7.42,MH,1712018551
55,edinburgh of the seven seas,-37.0676,-12.3116,291.76,93,31,7.83,SH,1712018551
56,redencao,-4.2258,-38.7306,297.33,96,100,1.71,BR,1712018333
57,embi,48.8264,58.1442,277.61,78,87,0.88,KZ,1712018551
58,mossel bay,-34.1831,22.146,291.11,70,0,6.94,ZA,1712018552
59,dolinsk,47.35,142.8,275.22,65,84,7.59,RU,1712018552
60,osorno,-40.5667,-73.15,282.32,93,40,0.0,CL,1712018552
61,nova sintra,14.8667,-24.7167,292.71,78,29,5.32,CV,1712018552
62,blackmans bay,-43.0167,147.3167,287.44,95,100,0.89,AU,1712018552
63,avarua,-21.2078,-159.775,303.18,66,75,4.12,CK,1712018553
64,fortuna,40.5982,-124.1573,290.33,76,0,6.17,US,1712018443
65,kirensk,57.7853,108.1119,265.91,96,99,0.89,RU,1712018553
66,timbuktu,16.7735,-3.0074,306.22,14,5,3.0,ML,1712018553
67,palu,-0.8917,119.8707,300.21,90,92,0.35,ID,1712018553
68,port mathurin,-19.6833,63.4167,299.2,89,75,5.14,MU,1712018554
69,cabo san lucas,22.8909,-109.9124,297.32,46,20,3.6,MX,1712018293
70,nar'yan-mar,67.6713,53.087,263.77,87,100,4.92,RU,1712018554
71,saint-pierre,-21.3393,55.4781,297.97,83,75,12.35,RE,1712018554
72,portland,45.5234,-122.6762,294.56,44,20,1.34,US,1712018506
73,boa vista,2.8197,-60.6733,305.14,43,40,2.57,BR,1712018309
74,aasiaat,68.7098,-52.8699,265.94,89,81,2.65,GL,1712018555
75,talnakh,69.4865,88.3972,258.55,95,100,6.78,RU,1712018555
76,ugoofaaru,5.6667,73.0,301.6,72,98,1.43,MV,1712018555
77,sopron,47.685,16.5905,284.14,79,100,8.64,HU,1712018556
78,fisterra,42.9049,-9.2629,287.45,86,100,13.58,ES,1712018556
79,badger,64.8,-147.5333,279.1,35,0,2.57,US,1712018556
80,tougue,11.4667,-11.6,298.68,55,40,1.79,GN,1712018556
81,ocean city,39.2776,-74.5746,282.69,87,100,1.79,US,1712018556
82,fale old settlement,-9.3852,-171.2468,302.75,73,40,5.02,TK,1712018557
83,lihue,21.9789,-159.3672,299.73,74,100,10.29,US,1712018420
84,margate,51.3813,1.3862,283.65,86,76,3.58,GB,1712018557
85,pisco,-13.7,-76.2167,296.18,73,0,6.69,PE,1712018557
86,guerrero negro,27.9769,-114.0611,290.03,61,0,7.07,MX,1712018558
87,punta arenas,-53.15,-70.9167,282.21,66,75,6.17,CL,1712018491
88,sitka,57.0531,-135.33,281.09,61,100,7.72,US,1712018558
89,melfi,40.9965,15.6514,281.1,90,1,5.64,IT,1712018558
90,vorkuta,67.5,64.0,259.98,95,100,2.26,RU,1712018558
91,iqaluit,63.7506,-68.5145,274.0,86,100,12.35,CA,1712018283
92,kodiak,57.79,-152.4072,273.88,60,75,7.2,US,1712018322
93,margaret river,-33.95,115.0667,288.11,60,0,5.51,AU,1712018559
94,alice springs,-23.7,133.8833,296.9,46,0,7.72,AU,1712018559
95,labrador city,52.9463,-66.9114,266.1,79,40,2.57,CA,1712018411
96,uige,-7.6087,15.0613,292.93,98,89,0.57,AO,1712018560
97,polyarnyy,69.1989,33.4478,266.18,69,100,7.61,RU,1712018560
98,argo,37.6333,22.7333,291.12,39,100,2.21,GR,1712018560
99,college,64.8569,-147.8028,279.14,36,75,2.57,US,1712018317
100,carnarvon,-24.8667,113.6333,303.53,39,2,8.18,AU,1712018560
101,vorgashor,67.5833,63.95,259.62,95,100,2.4,RU,1712018561
102,puerto ayora,-0.7393,-90.3518,298.18,80,100,3.21,EC,1712018561
103,novodvinsk,64.4165,40.8122,275.25,99,100,2.77,RU,1712018561
104,fort mcmurray,56.7268,-111.381,283.92,25,0,7.2,CA,1712018562
105,naze,28.3667,129.4833,294.66,75,100,6.29,JP,1712018562
106,kapa'a,22.0752,-159.319,300.14,75,100,10.29,US,1712018562
107,karlshamn,56.1706,14.8619,278.66,93,100,7.93,SE,1712018562
108,wailua homesteads,22.0669,-159.378,299.39,75,100,10.29,US,1712018563
109,la cocha,-27.7773,-65.5704,293.51,94,100,0.72,AR,1712018563
110,sao francisco,-15.9486,-44.8644,298.18,83,96,1.19,BR,1712018563
111,salalah,17.0151,54.0924,298.2,47,0,1.54,OM,1712018563
112,constantia,44.1833,28.65,288.53,65,97,5.04,RO,1712018362
113,jamestown,42.097,-79.2353,281.49,66,0,5.14,US,1712018312
114,huetamo de nunez,18.5833,-100.8833,307.22,24,100,3.5,MX,1712018564
115,bushehr,28.9684,50.8385,292.2,82,13,4.12,IR,1712018564
116,puerto baquerizo moreno,-0.9,-89.6,297.77,81,75,3.29,EC,1712018531
117,sao joao da barra,-21.6403,-41.0511,297.2,86,85,2.08,BR,1712018378
118,kropyvnytskyi,48.5132,32.2597,283.86,73,27,4.11,UA,1712018565
119,qamdo,31.1667,97.2333,272.56,54,100,2.51,CN,1712018565
120,mao,39.8885,4.2658,288.46,72,0,4.63,ES,1712018566
121,remire-montjoly,4.9167,-52.2667,300.17,89,100,1.54,GF,1712018566
122,west island,-12.1568,96.8225,300.14,78,40,5.14,CC,1712018566
123,abeokuta,7.15,3.35,299.4,88,82,1.34,NG,1712018566
124,olonkinbyen,70.9221,-8.7187,267.92,61,100,5.76,SJ,1712018566
125,hermanus,-34.4187,19.2345,290.26,86,88,4.95,ZA,1712018567
126,shivpuri,25.4333,77.65,295.71,22,100,1.84,IN,1712018567
127,papao,-17.75,-149.55,304.97,69,6,9.09,PF,1712018567
128,trapani,37.8333,12.6667,287.2,100,20,3.6,IT,1712018567
129,keflavik,64.0049,-22.5624,269.39,63,0,11.32,IS,1712018568
130,susuman,62.7833,148.1667,262.28,67,12,1.56,RU,1712018568
131,saudarkrokur,65.7461,-19.6394,269.54,82,72,11.3,IS,1712018568
132,valvedditturai,9.8167,80.1667,299.88,87,89,2.52,LK,1712018568
133,kristiansund,63.1115,7.732,276.18,87,100,7.72,NO,1712018568
134,tadine,-21.55,167.8833,299.93,64,18,5.23,NC,1712018569
135,ciudad lazaro cardenas,17.9583,-102.2,297.89,77,100,2.96,MX,1712018569
136,atafu village,-8.5421,-172.5159,303.09,70,48,5.26,TK,1712018569
137,weyburn,49.6668,-103.8511,283.27,50,29,8.23,CA,1712018545
138,queenstown,-31.8976,26.8753,288.68,80,12,2.17,ZA,1712018569
139,al kharijah,25.4514,30.5464,296.23,30,0,4.0,EG,1712018570
140,lebu,-37.6167,-73.65,284.18,80,98,1.4,CL,1712018570
141,harnai,30.1005,67.9374,291.37,24,53,2.31,PK,1712018570
142,labytnangi,66.6572,66.4183,253.8,96,100,1.16,RU,1712018570
143,westport,41.1415,-73.3579,282.95,72,0,1.54,US,1712018359
144,codrington,-38.2667,141.9667,288.62,83,100,9.36,AU,1712018571
145,enewetak,11.3474,162.3373,300.44,73,100,7.36,MH,1712018571
146,chayan,43.0297,69.3772,280.37,52,28,2.29,KZ,1712018571
147,lorengau,-2.0226,147.2712,301.96,82,64,5.05,PG,1712018571
148,winslow,35.0242,-110.6974,283.25,53,75,5.66,US,1712018572
149,cole harbour,44.6724,-63.4751,277.86,66,11,0.45,CA,1712018398
150,bela crkva,44.8975,21.4172,296.14,38,79,5.46,RS,1712018572
151,thinadhoo,0.5333,72.9333,302.11,69,100,1.59,MV,1712018572
152,arkhangel'sk,64.5401,40.5433,275.44,100,100,6.0,RU,1712018573
153,suva,-18.1416,178.4415,303.86,70,75,4.12,FJ,1712018573
154,bredasdorp,-34.5322,20.0403,289.94,83,7,5.81,ZA,1712018573
155,jiuquan,39.7432,98.5174,278.95,72,14,2.01,CN,1712018573
156,mbandaka,0.0487,18.2603,295.82,88,92,1.11,CD,1712018573
157,saipan,15.1355,145.701,304.54,1,40,9.26,MP,1712018574
158,vadso,70.0744,29.7487,265.64,73,44,9.77,NO,1712018574
159,barcelos,41.5388,-8.6151,286.23,91,100,4.98,PT,1712018488
160,port blair,11.6667,92.75,296.17,94,1,1.03,IN,1712018574
161,invercargill,-46.4,168.35,291.49,65,42,2.24,NZ,1712018381
162,palikir - national government center,6.9248,158.1611,303.62,74,100,6.17,FM,1712018575
163,happy valley-goose bay,53.3168,-60.3315,274.32,100,100,6.17,CA,1712018575
164,ilulissat,69.2167,-51.1,269.16,86,75,0.0,GL,1712018575
165,la'ie,21.6477,-157.9253,301.13,77,34,4.47,US,1712018575
166,oriximina,-1.7656,-55.8661,298.43,92,87,1.26,BR,1712018576
167,tolanaro,-25.0319,46.9987,297.19,78,75,7.2,MG,1712018576
168,gadzhiyevo,69.2551,33.3362,266.49,65,100,8.11,RU,1712018576
169,puerto maldonado,-12.6,-69.1833,297.11,96,87,1.2,PE,1712018465
170,sena madureira,-9.0656,-68.6569,296.96,99,100,1.21,BR,1712018439
171,al buraymi,24.2509,55.7931,290.83,55,0,1.54,OM,1712018577
172,berezovyy,51.6667,135.7,275.13,53,14,1.45,RU,1712018577
173,peterhead,57.5058,-1.7981,279.51,86,100,8.44,GB,1712018577
174,sao tome,0.3365,6.7273,300.89,80,62,1.03,ST,1712018577
175,kiama,-34.6833,150.8667,294.26,89,100,2.68,AU,1712018577
176,tura,25.5198,90.2201,295.88,72,0,2.51,IN,1712018578
177,pionerskiy,54.9508,20.2275,287.12,87,97,3.55,RU,1712018578
178,cabedelo,-6.9811,-34.8339,300.52,84,100,4.5,BR,1712018578
179,smithers,54.7804,-127.1743,277.33,93,100,3.09,CA,1712018578
180,port elizabeth,-33.918,25.5701,291.66,70,100,2.57,ZA,1712018578
181,road town,18.4167,-64.6167,299.17,73,40,5.14,VG,1712018570
182,vershino-darasunskiy,52.35,115.5167,269.58,87,100,4.03,RU,1712018579
183,al artawiyah,26.5053,45.3444,292.62,47,1,1.16,SA,1712018579
184,laguna,38.421,-121.4238,296.31,30,0,3.6,US,1712018346
185,bardai,11.65,7.2333,300.63,16,66,1.27,NG,1712018580
186,nyuzen,36.9333,137.5,285.63,50,94,0.98,JP,1712018580
187,bubaque,11.2833,-15.8333,297.57,71,14,5.37,GW,1712018580
188,pontianak,-0.0333,109.3333,298.14,100,75,2.57,ID,1712018580
189,sur,22.5667,59.5289,298.66,49,100,2.48,OM,1712018581
190,atmore,31.0238,-87.4939,294.76,85,100,4.08,US,1712018289
191,pattani,6.75,100.4167,296.99,80,70,0.62,TH,1712018581
192,haiku-pauwela,20.9219,-156.3051,299.16,75,40,10.8,US,1712018581
193,antibes,43.5624,7.1278,285.85,66,0,5.66,FR,1712018582
194,petropavlovsk-kamchatsky,53.0452,158.6483,275.48,81,0,6.71,RU,1712018582
195,talara,-4.5772,-81.2719,297.57,78,0,5.66,PE,1712018582
196,saint-felicien,48.6501,-72.4491,275.43,69,20,2.06,CA,1712018582
197,lagos,6.5833,3.75,302.33,88,44,1.17,NG,1712018342
198,malango,-2.9627,119.9001,297.52,85,96,0.28,ID,1712018583
199,georgetown,5.4112,100.3354,301.45,86,20,0.0,MY,1712018553
200,amol,36.4696,52.3507,283.52,71,5,1.38,IR,1712018583
201,mumford,5.2618,-0.759,300.72,87,100,2.25,GH,1712018583
202,changji,44.0167,87.3167,278.59,75,0,1.0,CN,1712018584
203,san fernando,15.0286,120.6898,302.0,52,5,2.54,PH,1712018580
204,sao felix do xingu,-6.6447,-51.995,297.16,96,100,0.58,BR,1712018584
205,kassala,15.451,36.4,300.15,15,37,2.98,SD,1712018584
206,cruzeiro do sul,-29.5128,-51.9853,295.11,93,100,0.88,BR,1712018585
207,balykshi,47.0667,51.8667,281.15,71,0,4.0,KZ,1712018585
208,arzgir,45.3728,44.2206,282.37,79,98,3.36,RU,1712018585
209,ouro preto do oeste,-10.7481,-62.2158,296.74,95,100,1.61,BR,1712018583
210,afaahiti,-17.75,-149.2833,304.08,69,12,7.97,PF,1712018585
211,jose maria morelos,23.3952,-103.8984,288.86,55,1,10.49,MX,1712018586
212,levuka,50.1834,-105.4011,281.99,56,11,5.48,CA,1712018586
213,rahuri,19.3833,74.65,298.39,25,0,1.95,IN,1712018586
214,beipiao,41.7919,120.7792,282.36,32,100,1.11,CN,1712018586
215,rasht,37.2808,49.5832,284.4,78,0,1.24,IR,1712018586
216,miyako,39.6367,141.9525,282.03,44,5,4.78,JP,1712018587
217,touros,-5.1989,-35.4608,299.87,83,100,3.49,BR,1712018404
218,illizi,26.4833,8.4667,295.04,11,6,2.54,DZ,1712018587
219,korsholm,63.1142,21.6822,271.12,81,100,7.6,FI,1712018587
220,sychevka,55.8252,34.2736,283.44,90,11,3.06,RU,1712018587
221,tulalip,48.0684,-122.2918,292.53,59,0,3.09,US,1712018588
222,severo-yeniseyskiy,60.3725,93.0408,261.11,89,100,1.57,RU,1712018588
223,tidjikja,18.5564,-11.4271,303.98,19,5,5.24,MR,1712018588
224,arraial do cabo,-22.9661,-42.0278,296.13,88,40,1.54,BR,1712018373
225,dalandzadgad,43.5708,104.425,279.36,41,100,4.49,MN,1712018588
226,paysandu,-32.3214,-58.0756,288.49,93,100,4.56,UY,1712018570
227,flying fish cove,-10.4217,105.6791,300.97,78,75,4.63,CX,1712018565
228,laojunmiao,39.8333,97.7333,276.6,55,26,0.45,CN,1712018589
229,santa rosa,14.3122,121.1114,303.2,75,17,4.79,PH,1712018042
230,barra de santo antonio,-9.4047,-35.5072,299.75,87,96,3.48,BR,1712018590
231,san patricio,28.017,-97.5169,301.2,82,100,7.72,US,1712018590
232,inarajan village,13.2736,144.7484,303.7,80,100,8.81,GU,1712018590
233,nemuro,43.3236,145.575,275.31,67,94,6.42,JP,1712018590
234,st. john's,47.5649,-52.7093,274.14,96,100,3.09,CA,1712018590
235,nyurba,63.2842,118.3319,264.05,97,100,1.43,RU,1712018591
236,olyokminsk,60.3736,120.4264,266.77,91,98,0.92,RU,1712018591
237,fada,9.5667,8.3,296.69,73,100,0.61,NG,1712018591
238,vila velha,-20.3297,-40.2925,299.23,81,75,2.24,BR,1712018222
239,aglona,56.1333,27.0167,284.74,85,100,2.46,LV,1712018592
240,tralee,52.2704,-9.7026,279.33,93,8,1.67,IE,1712018592
241,cuyo,10.8525,121.0086,300.75,77,93,2.13,PH,1712018592
242,shaowu,27.3409,117.4831,295.14,88,64,1.76,CN,1712018592
243,xiahu,26.6106,119.9483,290.34,95,73,3.11,CN,1712018592
244,porto novo,6.4965,2.6036,302.05,89,100,2.37,BJ,1712018593
245,christchurch,-43.5333,172.6333,290.6,63,100,2.06,NZ,1712018446
246,cam ranh,11.9214,109.1591,301.13,74,20,3.09,VN,1712018593
247,murun-kuren,49.6342,100.1625,272.58,52,56,4.34,MN,1712018593
248,sarangani,5.4033,125.4636,300.79,76,80,9.85,PH,1712018594
249,warman,52.3168,-106.5679,278.1,60,0,5.66,CA,1712018594
250,revda,56.801,59.9303,274.09,91,100,3.2,RU,1712018594
251,lazaro cardenas,17.9583,-102.2,297.89,77,100,2.96,MX,1712018569
252,east london,-33.0153,27.9116,293.05,94,3,6.8,ZA,1712018594
253,janze,47.9591,-1.4983,281.16,88,50,7.2,FR,1712018595
254,mirny,62.5353,113.9611,270.15,93,94,3.6,RU,1712018595
255,luderitz,-26.6481,15.1594,289.2,70,0,7.56,NA,1712018595
256,el alto,-4.2714,-81.2147,295.96,76,100,4.61,PE,1712018595
257,puerto lempira,15.2667,-83.7667,300.23,78,20,0.0,HN,1712018596
258,bamyan,34.75,67.25,268.48,65,7,1.96,AF,1712018596
259,pale,43.8161,18.5694,281.01,93,75,1.54,BA,1712018596
260,gravina in puglia,40.8197,16.4228,287.56,63,45,6.94,IT,1712018596
261,cartagena,10.3997,-75.5144,300.94,78,0,5.66,CO,1712018402
262,nogliki,51.8333,143.1667,273.34,91,100,1.34,RU,1712018597
263,dzilam gonzalez,21.2833,-88.9333,300.4,61,5,3.37,MX,1712018467
264,jaffna,9.6685,80.0074,300.11,86,87,2.63,LK,1712018597
265,olds,51.7834,-114.102,282.62,57,21,2.57,CA,1712018597
266,puerto armuelles,8.2833,-82.8667,303.24,55,2,0.45,PA,1712018499
267,cadale,2.7603,46.3222,301.5,77,11,3.27,SO,1712018598
268,mili,6.0815,171.735,301.35,78,100,7.6,MH,1712018598
269,middelburg,-25.7751,29.4648,288.24,73,67,0.91,ZA,1712018598
270,pacific grove,36.6177,-121.9166,292.8,74,0,4.63,US,1712018598
271,kenora,49.8167,-94.4337,275.69,41,20,2.57,CA,1712018594
272,richards bay,-28.783,32.0377,295.06,76,94,4.68,ZA,1712018599
273,lata,40.1629,-8.3327,283.75,94,100,2.23,PT,1712018599
274,la grande,45.3246,-118.0877,290.38,44,10,3.36,US,1712018555
275,dakhla,23.6848,-15.958,291.51,86,0,7.65,EH,1712018599
276,pimentel,-6.8367,-79.9342,297.31,73,75,7.72,PE,1712018600
277,dryden,49.7833,-92.7503,277.31,35,0,2.06,CA,1712018600
278,peniche,39.3558,-9.3811,287.1,87,100,7.56,PT,1712018600
279,acarau,-2.8856,-40.12,299.3,84,99,2.32,BR,1712018601
280,poshekhon'ye,58.4993,39.1353,283.83,99,100,2.31,RU,1712018601
281,mount gambier,-37.8333,140.7667,288.97,75,94,6.21,AU,1712018601
282,mahdia,35.5047,11.0622,290.12,72,100,8.5,TN,1712018601
283,usogorsk,63.4106,48.6872,273.52,93,100,4.71,RU,1712018601
284,kolwezi,-10.7148,25.4667,289.44,98,100,1.02,CD,1712018602
285,el haouaria,37.05,11.0144,289.16,84,100,5.7,TN,1712018602
286,urangan,-25.3,152.9,301.59,70,0,4.02,AU,1712018602
287,jayapura,-2.5333,140.7,301.81,74,100,1.17,ID,1712018602
288,hamilton,39.1834,-84.5333,293.69,84,40,1.54,US,1712018494
289,vikhorevka,56.1201,101.1636,262.73,86,46,0.87,RU,1712018603
290,brownwood,31.7093,-98.9912,297.77,94,40,2.06,US,1712018582
291,bayanhongor,46.7167,100.1167,270.75,38,100,1.26,MN,1712018603
292,huarmey,-10.0681,-78.1522,295.62,85,96,2.99,PE,1712018603
293,argostolion,38.1811,20.489,289.12,50,100,3.58,GR,1712018604
294,klyuchi,52.2667,79.1667,276.18,76,100,3.87,RU,1712018604
295,ngong,-1.3618,36.6566,289.14,91,60,2.0,KE,1712018604
296,saint john,45.2727,-66.0677,276.15,75,75,0.0,CA,1712018605
297,carutapera,-1.195,-46.02,298.86,92,94,1.93,BR,1712018605
298,mariinsk,56.2139,87.7472,274.76,98,100,4.5,RU,1712018605
299,chokwe,-24.5333,32.9833,292.44,96,38,0.64,MZ,1712018605
300,beau vallon,-20.4189,57.6953,297.71,94,75,5.14,MU,1712018606
301,panaba,21.2833,-88.2667,301.46,57,6,8.27,MX,1712018606
302,tazacorte,28.629,-17.9293,290.69,83,0,3.09,ES,1712018606
303,port alfred,-33.5906,26.891,291.35,91,100,8.13,ZA,1712018606
304,port lincoln,-34.7333,135.8667,290.07,64,100,7.5,AU,1712018606
305,xilin hot,43.9667,116.0333,276.0,64,21,4.81,CN,1712018607
306,kurayoshi,35.4333,133.8167,289.1,47,100,1.05,JP,1712018607
307,tahe,52.3333,124.7333,272.25,66,40,0.79,CN,1712018607
308,kili,5.6439,169.1211,301.13,81,100,8.43,MH,1712018607
309,brokopondo,4.75,-55.1667,300.51,70,71,4.74,SR,1712018607
310,kayangel,8.0823,134.7173,301.12,79,69,7.57,PW,1712018608
311,coquimbo,-29.9533,-71.3436,290.0,82,0,2.57,CL,1712018332
312,araripina,-7.5761,-40.4983,295.53,84,94,1.92,BR,1712018608
313,babor - ville,36.4899,5.5393,280.71,90,22,1.12,DZ,1712018608
314,hithadhoo,-0.6,73.0833,302.36,72,100,1.83,MV,1712018608
315,el calafate,-50.3408,-72.2768,280.62,84,95,2.18,AR,1712018609
316,chegdomyn,51.1167,133.0167,271.24,74,75,1.07,RU,1712018609
317,billiri,9.8647,11.2253,300.16,47,86,2.7,NG,1712018609
318,benguela,-12.5763,13.4055,299.3,86,79,1.6,AO,1712018609
319,paciran,-6.8767,112.3761,300.95,80,99,2.2,ID,1712018610
320,el nido,11.1858,119.3956,301.35,76,100,6.35,PH,1712018610
321,big bend,-26.8167,31.9333,291.14,92,41,1.03,SZ,1712018610
322,chowchilla,37.123,-120.2602,294.97,40,0,3.6,US,1712018610
323,mpongwe,-13.5091,28.155,292.81,80,100,1.62,ZM,1712018610
324,bengkulu,-3.8004,102.2655,298.58,90,76,2.02,ID,1712018611
325,namtsy,62.7161,129.6658,263.76,89,95,1.31,RU,1712018611
326,morondava,-20.2833,44.2833,298.76,85,100,4.46,MG,1712018611
327,iraquara,-12.2486,-41.6194,298.99,80,51,1.08,BR,1712018612
328,pandan,14.0453,124.1694,301.76,64,9,3.98,PH,1712018612
329,ust'-ilimsk,58.0006,102.6619,263.47,85,6,1.91,RU,1712018612
330,santana,-0.0583,-51.1817,301.25,83,40,2.06,BR,1712018612
331,mando,10.7167,6.5667,301.93,44,100,1.65,NG,1712018612
332,mount isa,-20.7333,139.5,303.02,51,3,3.09,AU,1712018613
333,ujae,8.9322,165.7642,300.9,78,100,8.99,MH,1712018613
334,khanty-mansiysk,61.0042,69.0019,272.21,80,40,1.0,RU,1712018613
335,manta,-0.95,-80.7333,300.03,78,75,5.81,EC,1712018509
336,peace river,56.2501,-117.286,284.32,17,75,3.09,CA,1712018614
337,altay,47.8667,88.1167,273.07,66,11,1.54,CN,1712018614
338,sambava,-14.2667,50.1667,297.79,90,79,2.33,MG,1712018614
339,faya-largeau,17.9257,19.1043,300.08,11,100,5.77,TD,1712018614
340,shahabad,27.65,79.95,293.75,23,92,3.35,IN,1712018614
341,ancud,-41.8697,-73.8203,283.34,73,100,2.13,CL,1712018615
342,ola,59.5833,151.2833,270.19,64,57,5.0,RU,1712018615
343,maintirano,-18.0667,44.0167,298.42,85,99,2.68,MG,1712018615
344,carai,-17.1889,-41.6947,294.04,97,77,2.69,BR,1712018615
345,carbonear,47.7332,-53.2148,274.9,93,100,3.3,CA,1712018616
346,nizhnevartovsk,60.9344,76.5531,270.16,93,100,0.0,RU,1712018616
347,antequera,37.0194,-4.5612,283.12,84,92,1.92,ES,1712018616
348,mitchell,43.7094,-98.0298,276.34,86,100,5.14,US,1712018367
349,auki,-8.7676,160.7034,302.82,69,100,1.63,SB,1712018616
350,wabag,-5.4781,143.7021,290.38,89,100,1.08,PG,1712018617
351,dapa,9.7594,126.0531,301.2,73,50,5.32,PH,1712018617
352,billerbeck,51.9667,7.3,282.35,75,47,5.34,DE,1712018617
353,murzuq,25.9155,13.9184,295.98,14,0,4.97,LY,1712018617
354,arafat,21.3594,39.9664,299.19,67,2,0.33,SA,1712018617
355,balabac,7.9868,117.0645,302.24,70,63,6.03,PH,1712018618
356,malabar,-33.9667,151.25,296.99,61,75,4.63,AU,1712018618
357,thunder bay,48.4001,-89.3168,273.14,74,20,4.63,CA,1712018370
358,pazarcik,37.4869,37.2996,283.26,53,0,1.27,TR,1712018618
359,skovorodino,53.9833,123.9167,269.93,68,100,1.33,RU,1712018618
360,manacapuru,-3.2997,-60.6206,298.76,91,100,1.36,BR,1712018619
361,tanumah,27.1,44.1333,292.99,38,62,2.6,SA,1712018619
362,mogocha,53.7333,119.7667,270.16,75,87,0.96,RU,1712018619
363,newport,51.5877,-2.9984,282.29,92,82,1.02,GB,1712018335
364,muromtsevo,56.3724,75.2418,273.82,98,100,3.42,RU,1712018620
365,pariaman,-0.619,100.12,298.18,87,58,1.44,ID,1712018620
366,burang,30.25,81.1667,262.82,72,1,0.91,CN,1712018620
367,twon-brass,4.3151,6.2418,302.09,82,100,3.55,NG,1712018620
368,turpan,42.9333,89.1667,285.64,56,100,3.18,CN,1712018621
369,houghton,47.1219,-88.569,274.16,82,100,1.34,US,1712018449
370,diego de almagro,-26.3667,-70.05,293.39,54,0,0.41,CL,1712018621
371,olinda,-8.0089,-34.8553,301.0,89,75,1.54,BR,1712018603
372,puerto ayacucho,5.6639,-67.6236,298.22,87,100,2.26,VE,1712018622
373,langsa,4.4683,97.9683,300.6,80,99,0.73,ID,1712018622
374,baotou,40.6522,109.8222,285.89,27,83,4.87,CN,1712018622
375,nova vicosa,-17.8919,-39.3719,299.75,74,95,4.0,BR,1712018622
376,rabo de peixe,37.8,-25.5833,288.88,77,20,10.8,PT,1712018623
377,katsuura,35.1333,140.3,288.04,60,49,2.26,JP,1712018623
378,khandyga,62.6667,135.6,261.1,92,100,0.23,RU,1712018623
379,paungde,18.4833,95.5,301.54,46,39,1.52,MM,1712018623
380,la ronge,55.1001,-105.2842,277.29,70,75,4.63,CA,1712018624
381,leninskiy,54.2781,37.4558,285.84,89,100,3.44,RU,1712018624
382,miass,55.045,60.1083,271.95,97,55,1.47,RU,1712018624
383,walvis bay,-22.9575,14.5053,287.68,94,14,2.57,NA,1712018624
384,laascaanood,8.4774,47.3597,295.35,84,70,4.82,SO,1712018625
385,alofi,-19.0595,-169.9187,303.09,74,75,8.23,NU,1712018625
386,howard springs,-12.497,131.047,303.14,85,23,4.59,AU,1712018625
387,new norfolk,-42.7826,147.0587,288.1,96,100,0.97,AU,1712018625
388,san luis de la loma,17.2706,-100.8939,298.71,78,10,2.79,MX,1712018625
389,horta,38.5333,-28.6333,288.72,88,27,6.71,PT,1712018626
390,tazovsky,67.4667,78.7,260.51,98,92,3.69,RU,1712018626
391,hobyo,5.3505,48.5268,301.48,78,14,6.01,SO,1712018626
392,najran,17.4924,44.1277,293.51,58,10,0.25,SA,1712018626
393,asau,46.4333,26.4,283.66,45,100,2.35,RO,1712018626
394,pazar,40.2765,36.2835,289.64,57,2,0.63,TR,1712018627
395,cidade velha,14.9167,-23.6167,295.41,73,20,5.66,CV,1712018627
396,santa ana,33.7456,-117.8678,295.09,53,40,6.17,US,1712018531
397,yopal,5.3378,-72.3959,301.46,62,97,0.67,CO,1712018627
398,yinchuan,38.4681,106.2731,286.57,21,100,4.52,CN,1712018356
399,panjakent,39.4952,67.6093,282.88,66,100,1.7,TJ,1712018628
400,al qadarif,14.0349,35.3834,301.35,12,100,4.66,SD,1712018628
401,roma,43.2128,-75.4557,281.31,66,96,2.48,US,1712018628
402,hwange,-18.3693,26.5019,295.25,53,33,1.72,ZW,1712018628
403,tofol,5.3248,163.0078,302.03,79,75,6.17,FM,1712018629
404,yanbu,24.0891,38.0637,299.17,73,20,5.14,SA,1712018629
405,villa gesell,-37.2639,-56.973,289.29,71,53,4.61,AR,1712018581
406,ke-macina,13.9623,-5.3572,306.18,13,0,1.2,ML,1712018629
407,sona,45.4388,10.8255,281.11,87,0,3.09,IT,1712018630
408,taoudenni,22.6783,-3.9836,303.18,14,0,4.52,ML,1712018630
409,recani,31.2846,-4.2688,291.5,31,0,3.01,MA,1712018630
410,newman,37.3138,-121.0208,295.28,44,1,3.13,US,1712018378
411,mugia,43.1041,-9.2179,287.54,86,98,13.31,ES,1712018630
412,malanje,-9.5402,16.341,291.38,97,100,1.34,AO,1712018631
413,antofagasta,-23.65,-70.4,292.75,85,59,0.93,CL,1712018484
414,fort bragg,35.139,-79.006,298.06,63,0,2.57,US,1712018631
415,kingston,17.997,-76.7936,301.68,77,40,9.77,JM,1712018550
416,hammerfest,70.6634,23.6821,264.4,92,20,2.06,NO,1712018632
417,kenai,60.5544,-151.2583,277.2,75,40,5.66,US,1712018632
418,bloomfield,40.8068,-74.1854,284.96,72,100,3.6,US,1712018597
419,machico,32.7,-16.7667,291.88,78,40,7.72,PT,1712018633
420,limon,10.0,-83.0333,300.09,74,0,0.0,CR,1712018398
421,bela vista,-22.1089,-56.5211,295.92,97,9,1.02,BR,1712018455
422,hargeysa,9.56,44.065,297.42,56,100,6.38,SO,1712018633
423,sandnessjoen,66.0217,12.6316,272.44,81,100,9.08,NO,1712018634
424,camocim,-2.9022,-40.8411,298.95,88,99,2.34,BR,1712018634
425,horsham,51.064,-0.3272,283.46,83,75,4.12,GB,1712018634
426,rhinelander,45.6366,-89.4121,278.24,45,75,3.6,US,1712018634
427,baker city,44.7749,-117.8344,291.99,37,0,8.75,US,1712018556
428,roscrea,52.9511,-7.8017,279.7,94,79,0.37,IE,1712018635
429,kangding,30.0513,101.9603,285.44,66,1,1.55,CN,1712018357
430,tamanrasset,22.785,5.5228,292.1,10,0,3.09,DZ,1712018635
431,kerikeri,-35.2268,173.9474,295.88,65,28,3.0,NZ,1712018635
432,anloga,5.7947,0.8973,301.8,83,100,3.72,GH,1712018636
433,baruun-urt,46.6806,113.2792,274.07,34,68,3.74,MN,1712018636
434,belyy yar,53.6039,91.3903,275.09,93,0,2.0,RU,1712018636
435,vorsma,55.9856,43.2717,284.06,87,100,5.58,RU,1712018636
436,kegeyli shahar,42.7767,59.6078,279.2,64,70,3.44,UZ,1712018637
437,san lawrenz,36.0553,14.204,289.82,79,94,10.45,MT,1712018637
438,matiri,-10.75,34.9,290.36,93,97,1.32,TZ,1712018637
439,khamis mushait,18.3064,42.7292,288.73,77,0,3.09,SA,1712018637
440,isiro,2.7739,27.616,293.76,90,100,0.87,CD,1712018637
441,nantucket,41.2835,-70.0995,279.21,90,0,0.0,US,1712018638
442,puerto deseado,-47.7503,-65.8938,285.3,65,51,7.82,AR,1712018479
443,young,-32.6833,-57.6333,286.26,95,100,4.11,UY,1712018638
444,baykal'sk,51.5058,104.1469,270.11,73,99,1.08,RU,1712018638
445,jinan,36.6683,116.9972,288.34,49,100,2.63,CN,1712018638
446,ndola,-12.9587,28.6366,290.8,97,100,1.37,ZM,1712018639
447,magadan,59.5667,150.8,270.38,66,26,3.76,RU,1712018639
448,molde,62.7375,7.1591,276.92,81,89,7.72,NO,1712018427
449,goz beida,13.95,20.55,299.06,11,26,3.15,TD,1712018639
450,prado,-17.3411,-39.2208,299.32,79,100,3.33,BR,1712018639
451,nabire,-3.3667,135.4833,303.59,68,51,1.17,ID,1712018640
452,nadym,65.5333,72.5167,256.53,98,18,3.44,RU,1712018640
453,al ghayzah,16.2079,52.176,297.96,71,90,1.4,YE,1712018640
454,morehead,37.2711,-87.1764,296.36,64,100,2.57,US,1712018640
455,fort st. john,56.2499,-120.8529,283.09,13,75,9.77,CA,1712018641
456,bechar,31.6167,-2.2167,294.33,28,0,7.72,DZ,1712018641
457,kondopoga,62.2057,34.2614,277.97,99,100,2.94,RU,1712018641
458,kismayo,-0.3582,42.5454,300.49,80,100,2.99,SO,1712018642
459,murghob,38.1702,73.9667,260.47,51,7,2.6,TJ,1712018642
460,kushiro,42.975,144.3747,279.68,45,20,4.12,JP,1712018642
461,ayaviri,-14.8864,-70.5889,281.06,89,100,1.02,PE,1712018642
462,ambato,-1.2491,-78.6168,287.37,93,94,2.17,EC,1712018642
463,amga,60.8953,131.9608,264.28,93,100,1.02,RU,1712018643
464,francistown,-21.17,27.5079,290.64,64,50,3.7,BW,1712018643
465,cambria,35.5641,-121.0808,295.56,82,0,1.79,US,1712018643
466,ponta delgada,37.7333,-25.6667,289.55,77,20,10.8,PT,1712018643
467,holualoa,19.6228,-155.9522,298.06,84,75,4.12,US,1712018644
468,minas de marcona,-15.2119,-75.1103,291.04,79,91,4.18,PE,1712018644
469,kavieng,-2.5744,150.7967,302.21,74,97,6.86,PG,1712018644
470,broome,42.2506,-75.833,281.73,85,100,1.7,US,1712018644
471,pemangkat,1.1667,108.9667,300.02,83,100,2.79,ID,1712018645
472,kavaratti,10.5669,72.642,301.51,75,97,3.09,IN,1712018645
473,tual,-5.6667,132.75,301.89,75,100,2.38,ID,1712018645
474,vilyuchinsk,52.9306,158.4028,276.3,84,100,4.22,RU,1712018645
475,al bawiti,28.3492,28.8659,292.3,45,0,4.53,EG,1712018645
476,rabigh,22.7986,39.0349,297.93,65,1,2.75,SA,1712018646
477,lascano,-33.6667,-54.2,286.99,90,100,3.82,UY,1712018646
478,uturoa,-16.7333,-151.4333,301.41,75,100,8.24,PF,1712018646
479,santa cruz,-17.8,-63.1667,300.85,78,20,4.12,BO,1712018341
480,newport beach,33.6189,-117.9289,294.97,59,40,4.92,US,1712018598
481,gaiman,-43.2897,-65.4929,286.86,34,0,4.64,AR,1712018647
482,karratha,-20.7377,116.8463,306.3,28,0,9.49,AU,1712018647
483,okola,4.0167,11.3833,295.4,87,96,1.25,CM,1712018647
484,saint-philippe,-21.3585,55.7679,297.92,90,100,6.95,RE,1712018647
485,arsk,56.0915,49.8778,275.01,92,100,5.68,RU,1712018648
486,zhaotong,27.3167,103.7167,287.94,70,6,0.5,CN,1712018366
487,byron bay,-28.65,153.6167,300.21,66,0,3.04,AU,1712018648
488,catacaos,-5.2667,-80.6833,300.31,54,82,6.45,PE,1712018648
489,dunedin,-45.8742,170.5036,288.51,65,1,3.68,NZ,1712018388
490,miyazu,35.5333,135.1833,286.26,47,91,2.13,JP,1712018649
491,korla,41.7597,86.1469,279.58,76,100,4.43,CN,1712018358
492,los osos,35.3111,-120.8324,295.53,65,0,8.75,US,1712018649
493,biltine,14.5333,20.9167,299.16,11,82,3.0,TD,1712018649
494,ishigaki,24.3448,124.1572,298.22,100,75,2.06,JP,1712018650
495,nuuk,64.1835,-51.7216,272.49,69,98,3.6,GL,1712018582
496,aksu,41.1231,80.2644,279.24,53,0,1.19,CN,1712018650
497,namibe,-15.1961,12.1522,296.34,85,65,1.89,AO,1712018650
498,kalaoa,19.7286,-155.9817,297.45,84,75,4.12,US,1712018650
499,salinopolis,-0.6136,-47.3561,299.87,88,45,2.88,BR,1712018651
500,mount pearl,47.5166,-52.7813,273.68,96,75,2.57,CA,1712018473
501,gornopravdinsk,60.05,69.9,272.95,98,100,2.58,RU,1712018651
502,orkney,-26.9802,26.6727,290.44,58,62,1.93,ZA,1712018651
503,howrah,22.5892,88.3103,300.15,94,20,0.0,IN,1712018651
504,anori,-3.7728,-61.6442,297.6,97,100,0.9,BR,1712018652
505,fort dodge,42.4975,-94.168,277.22,96,100,8.75,US,1712018652
506,vilhena,-12.7406,-60.1458,294.68,98,100,1.34,BR,1712018652
507,safotu,-13.4513,-172.4018,302.69,81,96,10.15,WS,1712018653
508,luganville,-15.5333,167.1667,300.73,86,32,4.48,VU,1712018653
509,la romana,18.4273,-68.9728,298.35,73,20,4.12,DO,1712018503
510,princeville,45.7668,-61.2985,273.1,78,0,2.57,CA,1712018653
511,wenzhou,27.9994,120.6668,293.85,83,89,1.46,CN,1712018653
512,rongelap,11.1635,166.8941,300.39,73,100,6.87,MH,1712018654
513,luanda,-8.8368,13.2343,300.15,89,40,1.03,AO,1712018644
514,carepa,7.7585,-76.6525,301.03,78,20,5.14,CO,1712018654
515,kasongo-lunda,-6.4667,16.8167,294.69,87,99,0.46,CD,1712018654
516,meadow lakes,61.6247,-149.6011,278.2,65,40,2.06,US,1712018654
517,nanakuli,21.3906,-158.1547,301.12,59,100,5.14,US,1712018655
518,mana,5.6592,-53.7767,299.54,84,68,2.92,GF,1712018655
519,phalaborwa,-23.943,31.1411,293.75,79,63,1.42,ZA,1712018655
520,esquel,-42.9,-71.3167,280.55,71,99,2.54,AR,1712018491
521,pinheiral,-22.5128,-44.0006,292.06,99,42,0.91,BR,1712018656
522,bannu,32.9854,70.6027,292.97,35,12,0.87,PK,1712018656
523,sao vicente,-23.9631,-46.3919,298.86,26,95,1.55,BR,1712018347
524,eureka,40.8021,-124.1637,290.48,75,4,2.68,US,1712018503
525,achacachi,-16.05,-68.6833,280.78,89,83,3.48,BO,1712018656
526,cascavel,-24.9558,-53.4553,293.93,88,75,2.57,BR,1712018012
527,chesma,53.8111,60.6533,273.08,96,96,2.43,RU,1712018657
528,ungsang-nodongjagu,42.3578,130.4622,279.1,41,0,1.58,KP,1712018657
529,al balyana,26.2357,32.0035,296.27,28,0,1.71,EG,1712018657
530,holmsund,63.706,20.3641,270.12,68,100,6.71,SE,1712018657
531,ouallam,14.3188,2.0866,304.85,13,100,3.36,NE,1712018658
532,strezhevoy,60.7333,77.5889,269.8,93,100,6.26,RU,1712018658
533,ulladulla,-35.35,150.4667,296.35,69,73,5.29,AU,1712018658
534,selfoss,63.9331,-20.9971,268.89,49,0,10.87,IS,1712018658
535,itoman,26.1247,127.6694,297.36,88,75,6.69,JP,1712018658
536,sterling,39.0062,-77.4286,286.31,82,100,2.57,US,1712018516
537,abomey,7.1829,1.9912,300.12,78,100,1.99,BJ,1712018659
538,kruisfontein,-34.0033,24.7314,289.75,81,22,3.46,ZA,1712018659
539,barkhera kalan,28.45,79.8,292.22,32,76,3.21,IN,1712018659
540,konarka,19.9,86.1167,299.37,81,0,7.59,IN,1712018659
541,bodaybo,57.8506,114.1933,270.38,90,100,1.13,RU,1712018660
542,panacan,9.2463,118.4082,302.59,64,84,3.38,PH,1712018660
543,west salem,43.8991,-91.0813,275.99,90,100,3.6,US,1712018660
544,broken hill,-31.95,141.4333,292.14,43,0,7.91,AU,1712018660
545,karasburg,-28.0167,18.75,292.84,39,0,1.94,NA,1712018661
546,luwuk,-0.9516,122.7875,301.64,71,93,0.66,ID,1712018661
547,colonia,50.9333,6.95,283.13,86,0,3.09,DE,1712018661
548,ketchikan,55.3422,-131.6461,280.14,87,100,7.2,US,1712018428
549,tutoia,-2.7619,-42.2744,300.0,85,77,3.03,BR,1712018661
550,botro,7.8525,-5.3106,301.86,77,100,2.09,CI,1712018662
551,berdigestyakh,62.0989,126.6992,264.44,90,93,1.25,RU,1712018662
552,burao,9.5221,45.5336,296.29,64,98,5.4,SO,1712018662
553,upington,-28.4478,21.2561,295.36,78,20,2.57,ZA,1712018662
554,mata-utu,-13.2816,-176.1745,302.95,75,22,8.71,WF,1712018663
555,bodo,67.28,14.405,269.69,76,75,5.14,NO,1712018663
556,kanoya,31.3833,130.85,291.69,70,100,1.08,JP,1712018663
557,summerfield,36.2088,-79.9048,298.17,62,100,4.63,US,1712018664
558,agadez,19.75,10.25,301.41,8,3,2.75,NE,1712018664
559,pangody,65.85,74.4859,257.76,97,53,3.5,RU,1712018664
560,constitucion,-35.3333,-72.4167,285.4,68,48,4.21,CL,1712018415
561,morden,49.1919,-98.1014,279.07,39,95,3.09,CA,1712018394
562,carauari,-4.8828,-66.8958,296.57,99,100,1.38,BR,1712018665
563,kargasok,59.0556,80.8572,272.02,71,100,5.81,RU,1712018665
564,sisimiut,66.9395,-53.6735,268.95,82,96,3.04,GL,1712018665
565,brisas de zicatela,15.8369,-97.0419,302.44,74,0,4.12,MX,1712018666
566,oamaru,-45.0784,170.9801,288.6,65,96,4.45,NZ,1712018505
567,xai-xai,-25.0519,33.6442,293.96,93,60,0.9,MZ,1712018666
568,ust'-kut,56.7938,105.7672,265.5,90,100,1.31,RU,1712018666
569,isangel,-19.55,169.2667,304.21,66,40,3.09,VU,1712018666
